5655950010,Passwd@123,NTY1NTk1MDAxMC1QYXNzd2RAMTIz,feedqa.test11@emxcelsolutions.com,Customer One,24/09/2017 13:00:10,24/09/2017 13:10:00
5655950011,Passwd@123,NTY1NTk1MDAxMS1QYXNzd2RAMTIz,feedqa.test12@emxcelsolutions.com,Customer Two,24/09/2017 13:15:10,24/09/2017 13:25:10
5655950012,Passwd@123,NTY1NTk1MDAxMi1QYXNzd2RAMTIz,feedqa.test13@emxcelsolutions.com,Customer Three,24/09/2017 13:30:10,24/09/2017 13:40:10
5655950013,Passwd@123,NTY1NTk1MDAxMy1QYXNzd2RAMTIz,feedqa.test14@emxcelsolutions.com,Customer Four,24/09/2017 14:00:10,24/09/2017 14:10:10
5655950014,Passwd@123,NTY1NTk1MDAxNC1QYXNzd2RAMTIz,feedqa.test15@emxcelsolutions.com,Customer Five,24/09/2017 14:20:10,24/09/2017 14:25:10
5655950015,Passwd@123,NTY1NTk1MDAxNS1QYXNzd2RAMTIz,feedqa.test16@emxcelsolutions.com,Customer Six,24/09/2017 14:30:10,24/09/2017 14:40:10
5655950016,Passwd@123,NTY1NTk1MDAxNi1QYXNzd2RAMTIz,feedqa.test17@emxcelsolutions.com,Customer Seven,24/09/2017 15:00:10,24/09/2017 15:10:10
5655950017,Passwd@123,NTY1NTk1MDAxNy1QYXNzd2RAMTIz,feedqa.test18@emxcelsolutions.com,Customer Eight,24/09/2017 15:20:10,24/09/2017 15:30:10
5655950018,Passwd@123,NTY1NTk1MDAxOC1QYXNzd2RAMTIz,feedqa.test19@emxcelsolutions.com,Customer Nine,24/09/2017 15:40:10,24/09/2017 15:50:10
5655950019,Passwd@123,NTY1NTk1MDAxOS1QYXNzd2RAMTIz,feedqa.test20@emxcelsolutions.com,Customer Ten,24/09/2017 16:00:10,24/09/2017 16:10:10
5655950010,Passwd@123,NTY1NTk1MDAxMC1QYXNzd2RAMTIz,feedqa.test11@emxcelsolutions.com,Customer One,24/09/2017 17:00:10,24/09/2017 17:10:00
5655950011,Passwd@123,NTY1NTk1MDAxMS1QYXNzd2RAMTIz,feedqa.test12@emxcelsolutions.com,Customer Two,24/09/2017 17:15:10,24/09/2017 17:25:10
5655950012,Passwd@123,NTY1NTk1MDAxMi1QYXNzd2RAMTIz,feedqa.test13@emxcelsolutions.com,Customer Three,24/09/2017 17:30:10,24/09/2017 17:40:10
5655950013,Passwd@123,NTY1NTk1MDAxMy1QYXNzd2RAMTIz,feedqa.test14@emxcelsolutions.com,Customer Four,24/09/2017 18:00:10,24/09/2017 18:10:10
5655950014,Passwd@123,NTY1NTk1MDAxNC1QYXNzd2RAMTIz,feedqa.test15@emxcelsolutions.com,Customer Five,24/09/2017 18:20:10,24/09/2017 18:25:10
5655950015,Passwd@123,NTY1NTk1MDAxNS1QYXNzd2RAMTIz,feedqa.test16@emxcelsolutions.com,Customer Six,24/09/2017 18:30:10,24/09/2017 18:40:10
5655950016,Passwd@123,NTY1NTk1MDAxNi1QYXNzd2RAMTIz,feedqa.test17@emxcelsolutions.com,Customer Seven,24/09/2017 19:00:10,24/09/2017 19:10:10
5655950017,Passwd@123,NTY1NTk1MDAxNy1QYXNzd2RAMTIz,feedqa.test18@emxcelsolutions.com,Customer Eight,24/09/2017 19:20:10,24/09/2017 19:30:10
5655950018,Passwd@123,NTY1NTk1MDAxOC1QYXNzd2RAMTIz,feedqa.test19@emxcelsolutions.com,Customer Nine,24/09/2017 19:40:10,24/09/2017 19:50:10
5655950019,Passwd@123,NTY1NTk1MDAxOS1QYXNzd2RAMTIz,feedqa.test20@emxcelsolutions.com,Customer Ten,24/09/2017 20:00:10,24/09/2017 20:10:10
5655950010,Passwd@123,NTY1NTk1MDAxMC1QYXNzd2RAMTIz,feedqa.test11@emxcelsolutions.com,Customer One,25/09/2017 13:00:10,25/09/2017 13:10:00
5655950011,Passwd@123,NTY1NTk1MDAxMS1QYXNzd2RAMTIz,feedqa.test12@emxcelsolutions.com,Customer Two,25/09/2017 13:15:10,25/09/2017 13:25:10
5655950012,Passwd@123,NTY1NTk1MDAxMi1QYXNzd2RAMTIz,feedqa.test13@emxcelsolutions.com,Customer Three,25/09/2017 13:30:10,25/09/2017 13:40:10
5655950013,Passwd@123,NTY1NTk1MDAxMy1QYXNzd2RAMTIz,feedqa.test14@emxcelsolutions.com,Customer Four,25/09/2017 14:00:10,25/09/2017 14:10:10
5655950014,Passwd@123,NTY1NTk1MDAxNC1QYXNzd2RAMTIz,feedqa.test15@emxcelsolutions.com,Customer Five,25/09/2017 14:20:10,25/09/2017 14:25:10
5655950015,Passwd@123,NTY1NTk1MDAxNS1QYXNzd2RAMTIz,feedqa.test16@emxcelsolutions.com,Customer Six,25/09/2017 14:30:10,25/09/2017 14:40:10
5655950016,Passwd@123,NTY1NTk1MDAxNi1QYXNzd2RAMTIz,feedqa.test17@emxcelsolutions.com,Customer Seven,25/09/2017 15:00:10,25/09/2017 15:10:10
5655950017,Passwd@123,NTY1NTk1MDAxNy1QYXNzd2RAMTIz,feedqa.test18@emxcelsolutions.com,Customer Eight,25/09/2017 15:20:10,25/09/2017 15:30:10
5655950018,Passwd@123,NTY1NTk1MDAxOC1QYXNzd2RAMTIz,feedqa.test19@emxcelsolutions.com,Customer Nine,25/09/2017 15:40:10,25/09/2017 15:50:10
5655950019,Passwd@123,NTY1NTk1MDAxOS1QYXNzd2RAMTIz,feedqa.test20@emxcelsolutions.com,Customer Ten,25/09/2017 16:00:10,25/09/2017 16:10:10
5655950010,Passwd@123,NTY1NTk1MDAxMC1QYXNzd2RAMTIz,feedqa.test11@emxcelsolutions.com,Customer One,25/09/2017 17:00:10,25/09/2017 17:10:00
5655950011,Passwd@123,NTY1NTk1MDAxMS1QYXNzd2RAMTIz,feedqa.test12@emxcelsolutions.com,Customer Two,25/09/2017 17:15:10,25/09/2017 17:25:10
5655950012,Passwd@123,NTY1NTk1MDAxMi1QYXNzd2RAMTIz,feedqa.test13@emxcelsolutions.com,Customer Three,25/09/2017 17:30:10,25/09/2017 17:40:10
5655950013,Passwd@123,NTY1NTk1MDAxMy1QYXNzd2RAMTIz,feedqa.test14@emxcelsolutions.com,Customer Four,25/09/2017 18:00:10,25/09/2017 18:10:10
5655950014,Passwd@123,NTY1NTk1MDAxNC1QYXNzd2RAMTIz,feedqa.test15@emxcelsolutions.com,Customer Five,25/09/2017 18:20:10,25/09/2017 18:25:10
5655950015,Passwd@123,NTY1NTk1MDAxNS1QYXNzd2RAMTIz,feedqa.test16@emxcelsolutions.com,Customer Six,25/09/2017 18:30:10,25/09/2017 18:40:10
5655950016,Passwd@123,NTY1NTk1MDAxNi1QYXNzd2RAMTIz,feedqa.test17@emxcelsolutions.com,Customer Seven,25/09/2017 19:00:10,25/09/2017 19:10:10
5655950017,Passwd@123,NTY1NTk1MDAxNy1QYXNzd2RAMTIz,feedqa.test18@emxcelsolutions.com,Customer Eight,25/09/2017 19:20:10,25/09/2017 19:30:10
5655950018,Passwd@123,NTY1NTk1MDAxOC1QYXNzd2RAMTIz,feedqa.test19@emxcelsolutions.com,Customer Nine,25/09/2017 19:40:10,25/09/2017 19:50:10
5655950019,Passwd@123,NTY1NTk1MDAxOS1QYXNzd2RAMTIz,feedqa.test20@emxcelsolutions.com,Customer Ten,25/09/2017 20:00:10,25/09/2017 20:10:10
